,K_ATM,vol_ATM,K_RR_Call,vol_RR_Call,K_RR_Put,vol_RR_Put,K_BF_Call,vol_BF_Call,K_BF_Put,vol_BF_Put,K_call_delta10,K_put_delta10,a,v,r
ON,3.889786305751361,0.21004376215957993,3.7513357288137974,0.2036864001118726,3.6980748484990866,0.2012779721086931,3.7523381499587325,0.2037319883873795,3.696774571361675,0.20121954883941756,3.776059578081682,3.6748415286288934,0.2024484794259569,0.5975532740274264,0.5636866474435333
1W,3.684544266052291,0.1389125240448011,3.7796513659303375,0.14988666387709373,3.6792966931394995,0.13828845619952107,3.776536141663434,0.1495370428143769,3.6783410610830107,0.138174593815717,3.831855312749888,3.640068614993386,0.14386557095609698,0.9394604918110564,0.9179406601306189
2W,3.711689893644994,0.13749783987872405,3.8031653370026337,0.14672230691549112,3.6654674169838564,0.1327101464090803,3.7995340824545605,0.14636287194729836,3.6621928433605353,0.13236809146242812,3.8778968567207275,3.613463854048727,0.13927931863776863,0.8893595999660495,0.8547918237885218
1M,3.710814367885054,0.14239816202670055,3.8488755701558066,0.1523388278223595,3.6396350135434954,0.13732608658650916,3.843107032643127,0.1519244188356673,3.6345523494279184,0.13696784295518824,3.966226382210905,3.561670937115927,0.1439178002201136,0.7629625813264714,0.7034250993042658
2M,3.7167703705044457,0.13840470420715123,3.9072546993580533,0.15010004702141047,3.617744912243815,0.13260431548848997,3.897655177745196,0.1495053696643633,3.6094327022207757,0.13213461936544732,4.0806063837780515,3.513442100068633,0.13969340523040386,0.7125672761192081,0.6363751834652773
3M,3.724221004341068,0.13819408879002987,3.95915175964207,0.1517201589268684,3.602778846969011,0.1317117693284517,3.9455148229145647,0.15092329305033086,3.5912638981511726,0.1311328781810555,4.1853079989888755,3.4776857896950353,0.1392864996056526,0.6954922845271523,0.6076540098401828
6M,3.7543105478645047,0.1381956116841937,4.09045992022228,0.15487280432129247,3.578985637879067,0.13085701068892894,4.0667524175864544,0.15365768255980367,3.559745043306752,0.13016429724409959,4.458461332575196,3.404786498802657,0.1382890516895333,0.6589812899617377,0.5409464759192304
1Y,3.8450229656810384,0.13940289119843358,4.319178093098171,0.15976992186385255,3.5693747574630525,0.13076955498313836,4.277067566808128,0.15788062541261533,3.5368426285018266,0.130077964896506,4.976914485178404,3.317781961513374,0.13683409877073857,0.6180642267187791,0.4835474124463609
